{
  "dimensions": { "0": 177, "1": 269, "2": 338 },
  "spacing": {
    "0": 0.762517511844635,
    "1": 0.762517511844635,
    "2": 0.762517511844635
  },
  "direction": {
    "0": 1,
    "1": 0,
    "2": 0,
    "3": 0,
    "4": 1,
    "5": 0,
    "6": 0,
    "7": 0,
    "8": 1
  },
  "origin": {
    "0": -4.884422302246094,
    "1": -146.81439208984375,
    "2": -247.54029846191406
  }
}
